Country_Name,Country_Code,1970,1971,1972,1973,1974,1975,1976,1977,1978,1979,1980,1981,1982,1983,1984,1985,1986,1987,1988,1989,1990,1991,1992,1993,1994,1995,1996,1997,1998,1999,2000,2001,2002,2003,2004,2005,2006,2007,2008,2009,2010,2011
Afghanistan,AFG,,,,,,,,,,,,,,,,,,,,,,,,,,,,,,,,,,,,,,,2430835946,3501370796,4174366749,5268341926
Albania,ALB,,,,,,,,,,,,,,,,,,,,,,,,166509703,223594868,241050767,280860658,308927385,384220900,488299547,615647470,739903014,838777490,1009421252,1357601790,1404087778,1768802827,2104224667,2319777471,2313907781,2469547227,2393924309
Algeria,DZA,352276530,537317756,640168724,1526311872,2474721203,1895709582,2502227909,2590690992,3229638376,5517255336,7063796372,5914589910,4972783952,4010230638,3185336129,4644533504,3842514564,4343098847,3190542206,3085702748,2703474414,3459969139,3317517174,3655668345,4813488071,2005167341,4235006179,8046742631,6845539229,4525667777,12023904177,18081413053,23237503510,33125171840,43246380950,56303086575,77913736579,110000000000,143000000000,149000000000,163000000000,183000000000
Angola,AGO,,,,,,,,,,,,,,,,,,,,,,,,,,212833269,551619184,396431042,203453700,496103867,1198212373,731866869,375545950,634199422,1374045539,3196850750,8598584122,11196800894,17869411577,13664098011,19749472847,28786209253
Argentina,ARG,681788410,304313694,572449624,1597255815,1889579493,848224794,1983316106,3843942163,5933320847,11626504898,9296754708,5006229910,4503960841,2840273963,2590505132,4702644000,4427405700,3733969300,5157480788,3216875257,6222040940,7462543503,11447029750,15499431748,16003266606,14287811059,18103919207,22319837782,24752134290,26252058771,25146903915,14553064261,10489339848,14153439521,18884344311,27178852026,30903464510,44682057445,44854620342,46092987573,49733860132,43226839533
Armenia,ARM,,,,,,,,,,,,,,,,,,,,,,,1293750,13586868,36108083,99579938,155647312,228749705,280730152,290856848,301959899,317217932,415584800,501977059,547758891,669480439,1071917947,1659090464,1406800824,2003623366,1865824194,1932472154
Azerbaijan,AZE,,,,,,,,,,,,,,,,,,,,,,,,590076,2034229,120884195,211281689,466094165,447325725,672589581,679605515,724979354,720471771,802839747,1075084319,1177743707,2500372937,4273114894,6467239212,5363780348,6408968627,10273827984
Bangladesh,BGD,,,270471420,143195874,138200000,148263284,288917081,241498635,321264479,413645570,331184644,159682646,208528950,545880999,408085844,356198603,434858521,876251425,1076508833,532096152,659565646,1307945016,1853480695,2446571637,3174800894,2339666560,1834622845,1581456169,1905410434,1603637021,1485964725,1275027662,1683213113,2577891706,3172440836,2767241068,3805600125,5183432283,5689282148,10218896470,10564277434,8509532149
Belarus,BLR,,,,,,,,,,,,,,,,,,,,,,,,,100987553,377020404,469150025,393699161,702756651,294270277,350495842,390676494,618811275,594813852,749374643,1136619427,1068560521,3952129348,2686986490,4831382884,3431039696,6011236755
Belize,BLZ,,,,,,,5490666,8020500,13978000,10463000,12675500,10334500,9837500,9305500,6072201,14813000,26897000,36414760,51657201,59880046,69781507,53016556,52942500,38746500,34521500,37608500,58402000,59415500,44085000,71305500,122899000,112041500,114506500,84684000,48253500,71357500,113721669,108512547,166162900,213683319,217999642,237114352
Benin,BEN,15510000,24595992,28416525,33081012,34602648,15034899,19231392,21283291,17413576,19924522,14689215,62053719,10015022,7909327,5874457,7732261,8238022,8968518,8779569,7850715,69184859,195544088,248919921,248298936,262494131,197945480,261830147,253079051,261487883,400066582,458764036,579741560,590581849,717874587,634895104,654548146,912223755,1209202351,1263350031,1229837679,1200056092,887440323
Bhutan,BTN,,,,,,,,,,,,,,35480120,43047368,53322921,61001769,86949129,95679186,90027653,88834213,101300000,85120000,97959128,121400000,130457706,190071383,188716778,256803127,292285628,317632403,323362187,354949461,366596386,398620015,467426187,545324762,699049468,764803121,890893413,1002139067,789643783
Bolivia,BOL,46358703,56403969,70640408,100621093,252272316,196963517,206830649,310364719,315441213,527840704,553358366,429267403,562569850,508816422,533100460,492491229,513310567,530316463,472580568,563347083,510931174,422359443,479572037,572438157,793388752,659954393,955010593,1086643694,948491407,974931833,926431247,886421969,580458103,716795364,872372221,1327603689,2614812346,4554023362,6927359043,7583785172,8133859467,9910715084
Bosnia and Herzegovina,BIH,,,,,,,,,,,,,,,,,,,,,,,,,,,,80406089,174530396,452403146,496626493,1233132928,1336266918,1813519793,2427266572,2547614648,3671010361,5041780929,4479825860,4529038496,4366185779,4149556641
Botswana,BWA,,,,,,,72322789,96693335,146934784,261115104,334034854,236697745,276051707,376231862,453826983,758347245,1161484192,2012954513,2217139651,2790998921,3331456134,3718662647,3793418750,4097336754,4401465717,4695481284,5027655481,5675003312,5940671691,6228826925,6318214104,5897250169,5473918634,5339775856,5661431166,6309056605,7992391824,9789741166,9118641548,8703960266,7885214847,8081886378
Brazil,BRA,1189904670,1753863602,4218803657,6508868348,5463238315,4166486819,6666853678,7441920005,12190031305,9838704340,6875230060,7479611130,3997356680,4561475256,11960814097,11617955163,6753681032,7476999726,8090172124,8728776000,9199691029,8748631531,23264547500,31746910992,38491777749,49708008384,58322943591,50826504787,42579752779,35279324428,32433984751,35563040400,37461989796,48846596457,52461784867,53245209849,85156183453,179000000000,193000000000,237000000000,287000000000,350000000000
Bulgaria,BGR,,,,,,,,,,,,,,,,,,,,,,670207824,1241109000,1052450357,1396927258,1236448916,483565744,2111518054,2684705286,2892115662,3154932857,3290770442,4407064494,6291014221,8776249247,8040543829,10943005074,16477943707,16815532900,17127293190,15420507200,15251920644
Burkina Faso,BFA,36360000,42947169,47473861,62641151,83620633,76548962,71424582,57144753,38214176,67314485,74792064,75291549,66873768,89253939,109730227,143159206,237824072,327936038,325409642,269930163,304754681,349978730,345005573,386594480,241497640,347376493,338588964,344837958,373331548,295012454,242631397,260670425,303116314,752184694,659770812,438362726,554857603,1029180371,927575532,1295840863,1068222788,956998718
Burundi,BDI,15395913,17727064,18549209,21591209,14367913,30847719,49159840,95905702,83359423,96725093,104654076,68145910,37357590,33508942,25040944,35103947,75804791,69068842,76449594,106526869,111668459,147473739,179911732,169711851,211303518,209447946,139601388,113041376,65524166,47982818,32920300,17708962,58776328,66965314,65752701,100082255,130527586,176329730,265701340,322043518,330733988,293976254
Cambodia,KHM,,,,,,,,,,,,,,,,,,,,,,,,24181935,118495188,191983752,265780132,298634401,324379302,393188365,501681376,586809422,776147452,815532973,943209909,952977873,1157253793,1806913382,2291547539,2851133436,3255113627,3449691643
Cameroon,CMR,80807414,73602991,43637725,51153285,78527123,28827904,43803713,44862703,55673717,140905969,206367187,96992202,80797018,170415573,63101792,142274717,70742490,78283065,188154482,91892957,37075061,53628533,30352643,14152081,13740921,3787396,2772697,862739,1290943,4427824,211998552,331833074,629663589,639636921,829310341,949379101,1716221497,2906771369,3086808825,3675521574,3642642678,3198717824
Cape Verde,CPV,,,,,,,32695173,42023599,39368392,42321955,42401305,37829163,42738963,45902515,40990517,55357733,56359503,80730245,81332708,74738034,76969365,65100094,75755926,57690218,42078709,36891764,27566289,19323246,8316974,42616415,28257101,45425898,79797208,93606389,139530729,173970607,254455343,364462266,361467112,397876705,382190169,338617844
Central African Republic,CAF,1388412,210642,1718484,1782990,1743214,3828947,18828691,26274566,26054770,49946026,61698157,73805740,51578535,51141007,56097888,53253229,69693548,102100335,113027568,117515572,122909414,106910593,103830263,116326747,214276442,233643038,232235423,178557488,145701794,136278091,133258425,118751468,123238811,132411282,148322512,139216013,125347018,82591573,121789663,210590012,181175441,154510980
Chad,TCD,2308558,11224223,10074961,1470532,15267030,3058691,23274480,19707112,13711260,17103544,11772879,11846237,17614008,32348539,47584283,37090020,20248610,57481190,67636545,116184025,132064064,123724750,84189960,43281879,80278306,142515644,164479419,135822561,120087612,95018454,110699275,122374630,218697141,187102879,221730348,225575220,625085078,955062335,1345469370,616701391,632405277,951097173
Chile,CHL,391661580,228797816,184721777,276042032,309258543,237806164,585119152,651475702,1404230666,2718629030,4127728306,3889888212,2597196071,2619626231,2774588563,2949890558,3052961210,3380934135,3908809901,4331116526,6783811635,7700029232,9789837750,10368846510,13801961382,14139810442,14972573051,17573233103,15869280155,14616559764,15034916272,14379002638,15341118930,15839589329,15993798040,16929245722,19391964768,16836811051,23072358550,25283487300,27816342571,41931800023
China,CHN,,,,,,,,4456360000,4449800000,8707600000,10090779282,10106340306,17151500967,19831699862,21281444020,16881048465,16417424035,22453016123,23751516912,23052563426,34475663084,48165018405,24852632500,27348105440,57781339993,75376709062,107000000000,143000000000,149000000000,158000000000,168000000000,216000000000,291000000000,408000000000,615000000000,822000000000,1070000000000,1530000000000,1950000000000,2420000000000,2870000000000,3200000000000
Colombia,COL,207221820,205495964,336885453,564310855,511097543,632587477,1291230263,2032781136,2809626762,5030067728,6473763418,6078499637,5605397236,3511997682,1785514715,2197344984,3481140949,3416294851,3699868639,3862356780,4868520452,6838511906,7907619250,8048472823,8102672937,8348715444,9844970787,9802634471,8651061414,8007901770,8915988954,10153666268,10732387083,10783866072,13393797264,14787010894,15296232527,20767268393,23478813583,24747664433,27766239010,31386034359
Comoros,COM,,,,,,,,,,,6372623,8391640,10831267,11014961,3685178,11934097,17769156,30950319,23775257,31002075,29914189,29376988,27281153,39023657,44412094,44484845,50549612,40480698,39142489,37147451,43211814,62319592,79936892,94298524,103738307,85798093,93522501,117160326,112160322,150269702,145262062,155178148
"Congo, Dem. Rep.",ZAR,189252250,153653096,217548447,337127203,212045971,84371374,85310593,176753441,195357248,335712080,379781000,293853319,226201062,269424542,281037800,335223700,451170300,417014293,371552500,281700958,260650000,193104400,166061000,54794300,131421000,146600000,82500000,82500000,82500000,82500000,82500000,82500000,73858377,97757335,236242019,131200262,154503797,180677441,77733372,1035381183,1299650366,1267501775
"Congo, Rep.",COG,8884792,10820098,10337995,7858054,24101168,13814494,12168218,14453691,11350143,48069337,92619326,127900273,42223150,11709236,7535941,7593098,11157512,8771598,9257977,10552475,10192498,8694635,7714243,5684243,54626029,59302388,90994492,59920710,841193,39354178,222005808,68914112,31634407,34798834,119598282,731829799,1840932419,2174293052,3871781213,3806250347,4446850231,5641136491
Costa Rica,CRI,16386168,29789081,44482140,55175261,53239718,57175047,103437861,202573233,212000518,163150456,196831741,142904173,249778698,344714190,412066217,525326850,550496783,519159165,676709064,745844325,524889932,930999963,1031845200,1037650467,906223479,1046640904,1000225469,1261819843,1063394175,1460402995,1317755407,1329816634,1501655633,1839150664,1921805307,2312646308,3114579622,4113616256,3798664724,4066174685,4627225790,4755805165
Cote d'Ivoire,CIV,118840000,89433413,87177452,88373421,65667321,102759930,76402740,188503123,455537122,169815008,45936952,35535686,22527500,36698102,19086371,19283862,36950901,30444394,28673925,32830834,21120875,29091301,21769480,19643561,221347622,529015472,605773777,618369425,855478345,630373882,673901638,1020103541,1836106997,1303858672,1680025929,1366568880,1797693087,2518959978,2252699333,3266820888,3624373055,4315950262
Djibouti,DJI,,,,,,,,,,,,,,,44933882,50941036,53615749,63525623,64361021,59152640,93639298,99996798,83401894,75101450,73758753,72155534,76970780,66567644,66454893,70605909,67804575,70308697,73707745,100129582,93939061,89264775,120326696,132137440,175495411,241831907,248997840,244112138
Dominica,DMA,,,,,,345258,1172593,2230370,1925185,9835556,5078148,3056994,4329401,1478780,5249802,3270984,9593016,18427249,14063592,11683673,14462985,17768609,20410000,19915109,15414832,22123442,22894380,23892440,27665293,31574051,29372787,31224518,45497424,47735246,42321835,49172197,63047100,60522069,55150083,75464029,76099711,81120952
Dominican Republic,DOM,32333820,56552180,60894513,93988752,103166564,124705910,135082717,197259145,177553169,296467123,279024500,281642255,170562548,200663729,259051286,345987543,383336200,190927987,261424871,171218000,68530000,448222017,505794750,658256150,259100081,365556194,350251267,391034294,501855656,693972747,627192943,1099475739,468412793,253145918,798262943,1933255852,2263790138,3029510426,2682007922,3562809210,3857385729,4088985896
Ecuador,ECU,75607787,60390284,144133498,253707215,390629828,307492513,529391100,689065017,727782642,934098773,1257167688,797069065,493476336,802512310,738907098,853631314,806083750,691666393,567569796,706538998,1009075836,1080977249,1015827244,1541717600,2002942838,1627628617,1858453314,2092790463,1619731502,1642369214,946926299,839767948,714626666,812578782,1069609489,1714231808,1489487122,2816381658,3738153069,2873184714,1434845698,1664304566
"Egypt, Arab Rep.",EGY,165038580,163240128,209341350,532593930,705412659,535004037,567297149,831886292,1050567850,1795125065,2479664000,1682922751,1809313173,1698907487,1485991444,1587362858,1779681032,2555643305,2261158624,2495363416,3619931744,6185285500,11620220250,13854276598,14412967954,16181223305,17398343689,18664757516,18123915769,14484069209,13117578808,12925786046,13242410461,13588731782,14273202212,20609055864,24461557387,30187705757,32216142828,32252965329,33611731752,14915683532
El Salvador,SLV,63874517,67645897,95388975,95802278,168141736,175110731,250830250,293868920,381320500,402733261,381705150,276930425,344119834,339013745,310473964,333072337,353110280,413282280,354102757,454062342,595456227,453109120,578474650,719512205,829222307,758339953,936928430,1307910975,1613079386,1819802136,1772563189,1593719390,1472817603,1792334161,1754026418,1722808564,1814854840,2109971010,2443096744,2868818500,2569644412,2152900096
Eritrea,ERI,,,,,,,,,,,,,,,,,,,,,,,,,,40490517,81319533,199395771,23057791,34242932,25516158,39755115,30282532,24707772,34746847,27944199,25354625,34284788,57898130,90010611,114149586,114795759
Ethiopia,ETH,71745620,69633995,99364642,194875557,314837567,315252651,331791549,260491671,217562056,319158932,262284681,370055184,277333083,205607267,108775330,216340716,332198100,223865105,149969164,123044566,55191079,106436547,270054750,499938575,587541828,771509805,732155700,501074423,511080732,458508847,306319447,433230569,881748933,955608347,1496784383,1042595244,867438380,1289865510,870502513,1780874201,,
Fiji,FJI,27350000,39617133,69415413,73949368,109147360,148591623,116321181,148054209,136595816,142167953,174050501,139492175,131991953,120053537,120842695,134466207,175389997,132556868,233692015,211914666,261102776,271708369,317136600,269769181,273445536,349032436,427238049,360286903,385673180,428687445,411794403,366162508,358660767,423272902,482727577,320891373,312791689,527605612,321485415,569135034,719398637,832228946
Gabon,GAB,14739646,25387133,23227352,47857453,103292594,146069085,116155029,10960834,24720628,26585965,114931021,203862553,317641901,191704611,203334405,196666672,131275235,18098124,72604268,39478563,278707083,332016181,75487379,5765215,180108558,148086142,248715633,282601547,15407992,17946774,190090628,9850280,139652056,196571307,443423507,668564477,1113431993,1227241650,1923491683,1993241320,1735882498,2157317436
"Gambia, The",GMB,8110000,10939421,11384560,16240637,28045554,28551682,20635244,24394651,26072153,1928958,5670000,3948198,8386498,2917512,2259208,1733937,13562842,25757391,19049157,20589293,55386778,67615345,94033750,105752908,98016036,106146511,102133840,96038244,106362071,111246409,109431123,106013175,106877402,59306559,83774367,98312855,120615993,142784448,116517124,224175083,201627503,223241962
Georgia,GEO,,,,,,,,,,,,,,,,,,,,,,,,,,198511613,191373448,201708671,132881245,144363937,115965909,161941586,202176067,196198029,386676437,478637804,930833393,1361156521,1480157563,2110323553,2263794188,2818191709
Ghana,GHA,42579200,43092216,104041100,194039378,101333088,147155070,113297788,181582865,326657477,401235901,329581762,268425876,314337129,291305065,437210813,552078808,623972704,331647752,310347218,435931282,309313699,644302471,411555000,516970194,689267705,697464823,828725025,537823932,376979514,453774035,232054899,298239906,539747041,1352814053,1626651296,1752904044,2090294865,1984027598,1769805538,3386234682,4763204747,5483390209
Grenada,GRD,3677500,4447611,5604443,5003582,5363381,5752612,8113083,12691852,12313333,12219470,12908889,16097407,9232513,14141758,14234419,20812466,20565185,22740000,16923333,15442222,17578889,17472963,25880000,26900000,31231150,36734881,35728932,42666395,46840916,50839906,57660000,63941399,87842777,83225918,121728060,94252920,99961392,110569735,105341635,129078994,119154929,120710961
Guatemala,GTM,79441263,96265946,148142850,246476923,272939438,352684579,557262920,752483989,857804927,963704478,752585266,357328947,350871963,409283239,435385510,471692100,566267070,540889872,415722234,523525188,361810500,880813440,805843175,949519648,943368783,701958056,869698412,1111131246,1335080704,1189173156,1746396653,2292160598,2299138078,2833213472,3426280362,3663840994,3914946984,4129941885,4461891556,4963623608,5636812736,5834916338
Guinea,GIN,,,,,,,,,,,,,,,,,,,,,,145115258,98619418,133290239,87847092,86759345,87340121,121631869,236706997,199679962,147907026,200231347,171398334,169970709,110482185,95055710,,,,,,
Guinea-Bissau,GNB,,,,,,,,,,,,,,,,,-628536,10313850,15967619,20843398,18217187,14577095,17751596,14167094,18426348,20266042,11528415,33705318,35762002,35283698,66771063,69360646,103006754,32899909,71606726,79780699,82024734,112907178,124561482,168592512,156432568,219999196
Guyana,GUY,20400000,26155991,36750266,13973654,62572064,100496688,27282878,22976158,58265700,17528044,12700000,6910518,10557055,6490000,5850000,6470000,9000000,8430000,4040000,13350000,28679763,124416126,188080000,247450000,247126598,268938847,329676784,315505363,276599940,268276094,304956656,287255330,284472819,276387311,231844801,251872588,279636389,313007750,355913640,631410303,782063524,801777706
Haiti,HTI,4300000,10386842,17881689,17031748,19988173,12646580,28149127,34769235,40833126,64132916,26723324,31125238,12361647,15761641,18468623,12211090,22839765,25620159,20357776,19828758,10167738,41497494,33250204,39307977,58174904,191604703,216115188,207090059,258214048,264042306,182148958,141429812,81722996,62036117,114422671,133091535,253064633,451997474,541398466,788598671,1335032312,1194705068
Honduras,HND,20245847,21909527,35288309,42004016,44880474,97404002,131248193,182048531,187554468,216235714,159257508,107377904,119538469,119720724,133089634,111032000,117554400,113745600,56564000,27516000,46574227,112325600,204581800,105511001,179216201,261452437,249191011,580374843,818072806,1257578329,1313039314,1415560690,1524099700,1430030804,1970382857,2327208771,2628480909,2528026308,2473372469,2086482814,2670785052,2749742529
India,IND,1023173271,1245820241,1367599034,1629326579,2324650377,2064428261,3728750351,6085439482,8316114116,11815412878,12009786832,8108842157,8241563483,8215728863,8535944836,9493104340,10480097373,11511739959,9185841796,8048453590,5637446977,7615987443,9538784915,14674627527,24220928978,17921808480,20170157961,24688314053,27340726124,32666740985,37902245709,45870471188,67665480917,98937910594,127000000000,132000000000,171000000000,267000000000,247000000000,265000000000,275000000000,271000000000
"Iran, Islamic Rep.",IRN,216875910,642577371,1061179899,1498631182,8920357691,9267872513,9184960199,12729168788,12840640727,17207746312,12783022231,3331697684,7685457363,,,,,,,,,,,,,,,,,,,,,,,,,,,,,
Jamaica,JAM,139190000,179050174,159691399,127444767,190393159,125575305,32394609,49646435,58823471,69599359,105000000,85173860,108969036,63200000,96929406,161300000,98415885,174304473,147200000,107500000,168155251,106057217,324147500,417049948,735930635,681258963,879966323,682126515,709452694,554524511,1053690048,1900541275,1645099133,1194860262,1846479131,2169806026,2318429014,1878513939,1772712407,2075840642,2501093861,2281910489
Jordan,JOR,257533890,257685635,292676100,360195642,461452946,570673429,578862196,776098842,1068844103,1583911609,1744684324,1510814139,1377509785,1239989970,841785318,769724366,853055428,909726810,414369578,770634378,1138743542,1104763223,1030115500,1946380526,1996868733,1972921537,1759324400,2200295185,1750381293,2629076639,3331283630,3062239353,3975920203,5194288598,5266618732,5250317798,6721971587,7541997599,8561617330,11689283994,13056727841,11467251146
Kazakhstan,KAZ,,,,,,,,,,,,,,,,,,,,,,,,711198451,1216176078,1135516189,1294064966,1697121658,1461226192,1479230223,1594117422,1997212411,2555290140,4236202350,8473103081,6084195424,17750816990,15776758294,17871462602,20719793319,25222740488,25179111680
Kenya,KEN,219830000,170946183,201994161,233045931,193282886,173405889,275522168,525784846,368830238,668545273,538712137,262828083,248102887,406428002,414388468,416724757,444494542,294401538,296454000,316624544,236115197,145138363,79549188,436745076,588142038,353419718,746479807,787949455,783051437,791589587,897735820,1064856619,1067969120,1481908531,1519319733,1798831468,2415755368,3355002165,2878516487,3848956935,4320154707,4264380310
Kosovo,KSV,,,,,,,,,,,,,,,,,,,,,,,,,,,,,,,,,,,,,,951725448,892061190,830206163,846409246,741536735
Kyrgyz Republic,KGZ,,,,,,,,,,,,,,,,,,,,,,,,48245791,26186045,80957663,94598234,170198385,163750873,229685408,239045431,263530044,288849332,364599320,528152375,569727672,764349670,1107224528,1152869549,1493972069,1603595200,1702990428
Lao PDR,LAO,,,,,,,,,,,,,,,,,,,640884,8298780,8375549,34708285,46019620,69653379,67495888,92113406,169497981,112179461,112214388,101187652,138967964,130931132,191589004,208589479,223246793,234293568,328431956,532559449,628735537,608599694,703350047,741211619
Latvia,LVA,,,,,,,,,,,,,,,,,,,,,,,,526398175,640693741,505698681,654065767,760203617,801227646,871996318,850907141,1148744863,1241415722,1432442218,1911976244,2232131850,4353371312,5553370450,5027632164,6631801379,7256164699,5997271919
Lebanon,LBN,404917180,598829635,922647605,1507046664,2997376774,2494061148,2544358604,3089266492,3918138361,6253129749,7024574509,5182114878,6821644209,5420707068,3514703726,4089410468,4092904994,4832307012,4761143885,4636190380,4210389268,4536363853,4569657750,5862881326,7418500763,4533332215,5931870501,5976350337,6556253135,7775632450,5943660644,5013809935,7243825018,12519443017,11734571177,11887084749,13376441582,12909941492,20244477627,29102898201,31514109274,33740587369
Lesotho,LSO,,,,,,,,,,,50268473,43395459,47535434,66677046,48576066,43520461,60259771,67531267,56281282,48997745,72373882,115039949,157486250,252685729,372621144,456739383,460505583,571737993,575080953,499556708,417891105,386488997,406370202,460333704,501504291,519112399,658398850,,,,,
Liberia,LBR,,,,,18718549,19188689,17169642,27344984,18021319,54978992,5450000,8336716,6473031,20396000,3476406,1517968,2660464,509560,380371,7876425,,1307913,977250,2362460,5069083,28088833,376467,419971,616575,431082,267707,480276,3298471,7376739,18742650,25395461,71989513,119359165,160860069,372456984,,
Lithuania,LTU,,,,,,,,,,,,,,,,,,,,,,,107287425,422943421,596691632,757049265,772245890,1009945049,1409131894,1195011395,1311549167,1617720694,2349320538,3371975675,3512582286,3720240765,5654412424,7556624556,6280463644,6419824929,6335524523,7915368408
"Macedonia, FYR",MKD,,,,,,,,,,,,,,,,,,,,,,,,120503200,166364466,257486187,239545652,256995720,306112546,429918010,429378054,745166614,722028564,897665691,904966005,1228513781,1750597270,2082249978,1920336861,2050909722,1970032024,2331410163
Madagascar,MDG,37122000,46344981,52241541,67901789,49408140,35577007,42161004,68920764,59221245,5039520,9100000,26521655,19959215,29225634,58899721,48443937,114524464,185199306,223721113,245265708,92084946,88857217,84427500,80642850,71640029,108960784,240880920,281600527,171378013,227186729,285182985,398349961,363272346,414272747,503524276,481286831,583182459,846677006,982306553,1135488295,1171581600,1279082243
Malawi,MWI,29200000,31919979,36237115,66643022,81791079,61458210,26217487,88549577,76971881,76080401,75955674,54157211,28526421,20298635,60557708,49146191,29621582,58045444,150839685,105459895,142103082,157742195,44227430,61890329,47716468,110007127,220537350,142179547,255440936,246425642,242980762,202505203,161474511,122037174,128050852,158913184,133771787,216611435,242775850,149356593,307358122,197429655
Malaysia,MYS,667456900,827083732,1014856418,1461559212,1856664259,1688955990,2627814969,3070865766,3670452656,5005509030,5754998625,5024214147,4832355575,4672614680,4441615462,5677019647,6942089619,8572963559,7490587819,8733333838,10658832532,11716563664,18023987500,28182868709,26338866593,23774421199,27009404188,20788219819,25559373372,30588150528,28329831559,29522298324,33360663680,43821705841,65881088615,69857981541,82132321372,101000000000,91148849714,95431678355,105000000000,132000000000
Maldives,MDV,,,,,,,10000,80000,571474,712506,949148,1145422,8406400,4541128,5129802,4591968,6914464,8194187,21586914,24766283,24378453,23468609,28193750,26149830,31220398,47951943,76166937,98305131,118535056,127116484,122801165,95341540,135638959,162249406,206512425,189032887,234391278,311434228,243588885,275592736,364318766,348650282
Mali,MLI,900000,2067995,3749132,4226351,6109780,4195902,6895032,6949216,11375596,15625094,25634125,24869106,25328149,23416218,32445064,28673261,19646396,24963098,43696188,123369557,197765533,325999065,314190137,339781278,228624487,322950389,442845503,414894711,402878745,349687908,382455137,348668795,590804315,952478637,851339486,854256244,969533304,1087121418,1071545625,1604476586,1344375978,1378583494
Mauritania,MRT,3200000,7504565,13459416,42243177,103811970,47725242,81982578,50940399,81397325,117973809,146443450,166215885,144182621,110167515,81044026,62846491,52714485,77375496,60285160,87029774,58538416,71680834,65014875,49051952,44081264,85456192,141217944,200751636,48755774,35280000,46246079,36653570,70141786,27022883,33727017,64468253,187185036,197825713,188595950,225351721,271688466,484718215
Mauritius,MUS,46190000,51697682,70118244,66826039,131073693,165977226,89513769,67871956,53255920,48428425,112825200,50005978,55135758,32229095,35170101,42240121,150724971,361672159,463214001,542375435,761194275,914948832,840552378,781068498,771186144,863310753,896105236,693250715,559006309,730978542,897435380,835621204,1227371681,1577284266,1605921021,1339904492,1269634150,1780302337,1742653938,2178769694,2441835029,2582677062
Mexico,MEX,756033730,981456969,1296682590,1679818127,1920866329,1896784848,1403804525,1938338433,2269381286,3087691809,4175319283,4971262424,1777613455,4793446006,8018704804,5678880168,6673539955,13691984923,6326669601,6740243827,10216846003,18052066577,19171355378,25298703947,6441390824,16846814410,19432724204,28797466416,31799032446,31782189275,35508842537,44740742182,50594445120,58955641471,64140698987,74054140517,76270544995,87109237144,95126103809,99589207904,120000000000,144000000000
Moldova,MDA,,,,,,,,,,,,,,,,,,,,,,,2452050,76335779,179920381,257008881,311958017,365985641,143562517,185700972,222490326,228532262,268855942,302270799,470258875,597448068,775478572,1333684647,1672406461,1480265226,1717685351,1964977532
Mongolia,MNG,,,,,,,,,,,,,,,,,,,,,,,22824548,66017364,94180778,117028109,107436415,175711634,94086535,136489707,178768461,155631285,218505216,196882127,193737293,333150650,583395918,801746766,561481850,1294472976,2196704310,2275162975
Montenegro,MNE,,,,,,,,,,,,,,,,,,,,,,,,,,,,,,,,,,,,,432665269,688838332,435670240,572612999,556155062,392694777
Morocco,MAR,141722000,176837990,252590665,307948131,504349105,437657206,549011032,609585582,772082126,917484589,813620197,509516102,539242248,375256518,265729347,345295874,486544466,751948887,836286995,770803381,2337533793,3349097038,3818641750,3929934650,4621504529,3601133539,3794028615,3992744553,4435029649,5689358857,4823173407,8473862913,10132656323,13851145141,16336624429,16187425496,20340718263,24123275381,22103775239,22797349300,22613081883,19526120788
Mozambique,MOZ,,,,,,,,,,,,,,,55294037,45886268,56746936,118022758,173596743,203495525,231744264,240557217,233365000,187240822,177505721,195318936,344062455,517354653,608498398,654007640,723179362,713224220,802498122,937499604,1130955248,1053820110,1155731241,1444691333,1577732161,2099265973,2159394273,2468772053
Myanmar,MMR,98344618,75767501,60969690,114339532,219574806,160822350,145252958,140482256,150230435,331879504,408656860,328874586,219116100,185192859,139557420,116064368,131294080,148847786,180489370,364109430,409508690,347210276,363826150,401045513,518318938,561146421,229188719,249813064,314918682,265462975,222987555,400458801,469988328,550224171,672134266,770729163,1235606375,3088878882,3717455596,5251693551,5716855809,7003907906
Nepal,NPL,94202508,102268037,107173164,132121732,145577565,113974576,145042571,161385886,178077033,235268987,271948960,262066272,268378950,191064639,128600060,105467412,145886790,251413391,282826502,272846692,354107111,450982954,518336184,699898122,752158933,586439829,571350294,626242271,756293402,845076558,945404453,1037710715,1017630218,1222483429,1462174041,1498984994,1935487661,2014032867,2457914118,2761049332,2925073543,3630831208
Nicaragua,NIC,49225290,58890753,80697216,117942009,108034730,124114416,148342300,152618157,56876109,155832347,75131000,118584838,179394937,220480000,,,,113265987,166098000,163920000,165533453,169488609,288776250,58899669,145990234,136202425,197324476,377939004,350405886,509713758,488462847,379930153,448133643,502061662,668198636,727807752,921891810,1103322447,1140842520,1573082196,1798980796,1892248902
Niger,NER,18740000,33588329,41349655,50757643,45495549,50265102,82484840,102029254,130243860,137379083,132428262,109753594,34697809,57406995,92131051,140029098,193576610,253849261,236653818,216750529,226479279,206677064,228678290,196381339,114517449,94726680,78483473,53266395,53056689,39242103,81430378,108589420,134054660,260094608,249820392,250698829,370889716,592959363,705211860,655544255,760292731,673044180
Nigeria,NGA,223498270,431942336,390711307,622853542,5708969937,5665692686,5256783772,4335986546,2028806093,5899641163,10639785566,4168453297,1926433882,1251986645,1674113909,1891868246,1349903025,1497832059,932989777,2041078372,4128789621,4678023330,1196052750,1640443739,1649172399,1443416274,4075717080,7581882901,7100827104,5450323690,9910901048,10456642866,7331336988,7128436636,16955637970,28279620719,42298743133,51334248337,53001765307,44762710240,34919347169,35211861533
Pakistan,PAK,194529622,198501870,323798261,590281593,688502078,562995207,684140398,715701792,795941411,1144047139,1567771066,1455323368,1812777499,2682849363,1610425724,1429436654,1464868819,1440835165,1192694280,1302246967,1046429502,1219792222,1523790725,1995445625,3715827397,1732811511,548285660,1194844439,1028001950,1511368704,1513347538,3640025805,8078289626,10940965401,9799027892,10032828992,11543115229,14044024447,7194233987,11318242171,14345900150,14527993179
Panama,PAN,15750000,21021684,43127954,41714929,39316005,34445398,78941516,70866195,150418455,118717739,117382756,119947448,100969756,206695837,215639208,97962498,170173626,77814187,72213457,119413142,343513831,499075396,504386250,597409921,704267862,781372943,866521835,1147777993,954498603,822912132,722595083,1091760801,1182833320,1010969628,630646311,1210531961,1334983324,1935051647,2423782844,3028272282,2714468988,2303728083
Papua New Guinea,PNG,,,,31260000,32450000,179670000,257201874,431365355,414750080,530801845,457765888,420886061,481383222,463965319,454590619,463143706,450076798,467328113,419338062,409643441,427289975,345327808,259575830,166063204,120208371,261350628,583893073,362675088,192881377,205140895,286867592,422646283,321506260,494175782,632562574,718099381,1400679332,2053708698,1953401800,2560608674,3032636296,4256398332
Paraguay,PRY,17605428,21138555,31540313,57266612,87572217,115344732,157823510,268861089,451139731,627066448,782720271,819771288,755180317,693701565,677186048,545196524,460512889,514163720,337995248,446557202,674873247,974467361,573168589,644825618,1044122626,1092914174,1049287145,835677633,864740778,978049558,762827643,713509988,629194260,968858232,1168047075,1297089016,1702146966,2461472167,2844555988,3838642103,4136813980,4950058701
Peru,PER,338657580,430223122,513201067,638654740,1112278569,566164911,424499907,522224567,616609504,2113581756,2803966969,1755200168,1988396096,1899044231,2061520803,2480958000,2242553300,1370497700,1213348000,1597167000,1890650000,3090441600,3456209000,3917582866,7420192725,8221745939,10578313527,10982227382,9565488037,8730482351,8373996766,8671849844,9339046523,9776803432,12176409336,13599425471,16733281646,26856468300,30271454434,32012632402,42647899882,47206306353
Philippines,PHL,254792000,392507820,600318063,1111431761,1655870738,1462602803,1739096888,1653546073,2104978493,3121121301,3977980295,2725396313,1740333175,857185286,844406817,1098200654,2611227401,2312132594,2168908351,2398208886,2036231563,4436166921,5335691000,5933972406,7146366699,6396310204,10058229502,7297478656,9274146941,13269721229,13090218428,13476292220,13329278063,13654873144,13116284188,15925983654,20025418449,30210597264,33192893634,38782892409,55362817220,67289686112
Romania,ROM,,,,470558596,696928016,903723303,932008717,760585061,1132422000,2334697225,2511224000,1830923003,2073349305,1906207981,1859571165,1447486000,1851399083,2062340773,1374492621,2730584452,1374053813,1489442746,1594700250,1921318133,3092362957,1578962997,2102759292,3803322004,2867372264,1526272167,2469678277,3922514362,6125295075,8039974549,14616359181,19872059737,28066237858,37194139970,36868368292,40756567166,43360906845,42939097564
Russian Federation,RUS,,,,,,,,,,,,,,,,,,,,,,,,9817681558,7206227235,14382776616,11276434839,12894700625,7801376660,8457230876,24264339149,32542400770,44053601160,73174946720,121000000000,176000000000,296000000000,467000000000,412000000000,417000000000,444000000000,454000000000
Rwanda,RWA,7700000,5778565,6373427,15181431,13107760,24916035,62103133,84079000,94967153,165104968,196075612,167713334,119120712,110890225,106855023,113326820,162303456,164190088,118334033,70373031,44348811,110120398,78719393,47457607,51249271,99096607,106744758,153343598,168751220,174181719,190641893,212109515,243728509,214698548,314640099,405756170,439670085,552791215,596280758,742737287,812754517,1050038984
Samoa,WSM,5220000,6410856,4528855,5077619,5957879,6386826,5240000,9126441,4782112,4820000,2770000,3281640,3481031,7229250,10557032,14020984,23746320,37198445,49196965,55066195,69045300,67807727,57646250,50705980,50800692,55312685,60804931,64205875,61422658,68199380,63657907,56635260,62493659,83909636,86133756,81769788,80736879,95353593,87076224,165846521,209444850,166792608
Sao Tome and Principe,STP,,,,,,,,,,,,,,,,,,,,,,,,,,5137291,5030365,12426781,9682287,10877243,11639664,15481934,17352535,25470020,19503428,26702731,34181487,39331621,61292170,66671004,49425879,51474324
Senegal,SEN,22050000,24635295,38492724,12061714,6319976,31126042,25220168,36073119,23765454,33997579,25164593,20191778,24671949,23270184,12628603,14533685,20715062,23241132,22360226,30639580,22124307,23470761,22036910,14743770,190728398,271792266,288300180,386193415,430807742,403014313,387557896,455896443,644374775,1110917826,1367623553,1186030272,1334245207,1660041103,1602200366,2123228913,2047480435,1945652263
Serbia,SRB,,,,,,,,,,,,,,,,,,,,,,,,,,,,,,154400000,391532206,1004659569,2165952597,3410782905,4095853523,5627936421,11647736280,13892608026,11122854351,14769209152,12714642381,14877188602
Seychelles,SYC,,,,4270000,5040000,6340000,6490000,11511471,9260279,12147892,18439443,13800016,13071866,9972348,5399604,8500984,7748928,13712560,8707285,12114850,16638360,27650739,31257750,35650572,30154870,27095254,21760026,26323862,21589897,30345525,43752074,37133888,69794569,67387802,34591086,56244154,112923278,40768609,63833878,190546674,235574953,252313379
Sierra Leone,SLE,39360000,38407394,46451954,51775246,54623871,28412400,25204162,33400594,34786614,46700000,30600000,15950194,8429493,16204695,7749011,10821968,13654725,6328373,7426914,3726283,5428453,9628609,18925000,28965198,40639728,34618100,26591811,38464882,43857079,39474547,49207283,51311629,84690089,66617186,125104335,170505608,183927180,216555217,220167670,404964445,408971189,439131439
Solomon Islands,SLB,,,,,,,,2870621,29185884,36957072,29604568,21589421,37229919,47329534,44703982,35605978,29571742,36748875,39619764,26162213,17599675,8542562,23497500,20068809,17418040,15905276,32583565,36339715,49034710,51143526,32044870,18070277,18687273,37005791,79812573,94825569,104075013,120530169,88829535,145987702,265834936,412272194
Somalia,SOM,21252110,26790291,31525521,35333899,42815003,68737425,85230804,121754081,129691094,51379991,25745921,38252059,15260311,16476671,6956603,8786945,20315495,16607371,23187521,23109679,,,,,,,,,,,,,,,,,,,,,,
Sri Lanka,LKA,42740000,50332571,59464517,86601280,77591857,57431421,92329929,292587699,407115535,549102731,282580140,352359571,380230502,320947606,530159878,471725052,377188001,309506427,247726248,269432866,447030483,724220186,979864996,1653805525,2069716975,2087724778,1961549472,2024140338,1979765929,1635546113,1039004884,1286808057,1630952596,2264929811,2131906534,2649511927,2726202464,3379531415,2468702104,4616053374,6709723707,6247923634
St. Lucia,LCA,,,,,,3240955,5191852,5652963,6757037,8124074,8287427,7611785,8211031,8870470,12380000,12650000,25110000,30800000,32650000,38210000,44589872,48746646,55461250,60037823,57790727,63090895,56140810,60981752,70614760,74515076,78828587,88936539,93892171,106902192,132539599,116387886,134538722,153719601,142774404,174798926,206256108,213433753
St. Vincent and the Grenadines,VCT,,,,,,,4658148,4810000,5256296,8901852,7270067,9004964,4783093,5696902,12820000,13800000,25832232,20220000,21820000,22770000,26490000,22684304,33381250,31510400,31254262,29831252,30186058,31188954,38765938,42584156,55179039,61439397,53198487,51191684,74981669,69511997,78691580,86976853,83690186,87815451,112702052,89626362
Sudan,SDN,21740000,27900000,35587408,61330487,124272499,36369231,23600000,23148588,28355824,67399647,48725508,16970340,20500000,16562817,17200000,12200000,58512232,11714187,12113457,15913142,11414227,7614304,27518807,37430696,78155913,163360978,106782703,81584279,90623305,188738167,137814239,49736273,248935516,529445722,1337996808,1868587866,1659926272,1377921603,1399041060,1094176603,1036243575,192529863
Swaziland,SWZ,,,,,13472681,45611560,73385780,94706218,113608490,113704917,158744493,96362392,76124519,92498832,80100444,83418808,96446641,127160621,140008668,180614470,216466837,171931828,309055000,264288586,296970667,298195506,253999574,294839199,358611506,375930149,351794160,271776572,275844448,277512200,323561641,243897197,372529339,774192980,751935739,958869293,756343903,600507642
Syrian Arab Republic,SYR,56896000,92904000,157219412,468474927,613249388,812561580,399706214,617512153,565089712,1007330307,827582421,622538386,578680585,369971252,524999211,355444608,469864338,626283673,534765164,460059283,446790360,420691843,403611000,451438913,445255186,126014004,126022562,126017772,126075204,126077978,126018210,126413408,126040265,126063849,182815537,17346850429,16467362362,17012957991,17061890099,17397709643,19465340973,
Tajikistan,TJK,,,,,,,,,,,,,,,,,,,,,,,,,,,,36533785,53581268,55177844,92859194,92557547,89508806,111851625,157527257,168219815,175114981,40086653,103849509,174563149,324187678,289292427
Tanzania,TZA,64970000,60253086,119587370,144616522,50232421,65446259,112267242,281826670,99860047,68041217,20300000,18827920,4822062,19415165,26868615,16000000,61089978,31799306,77713457,54213142,192800000,203908583,327336250,203345215,332066167,270203522,440087024,622065435,599159039,775460960,974237761,1156620154,1528839201,2038411249,2295701494,2048775565,2259345767,2886381432,2862895998,3470413141,3904675773,3726159099
Thailand,THA,911040540,890056281,1115223448,1469494890,2194580780,2006995113,2112848047,2208114443,2556904158,3099793423,3026261878,2720399410,2673865529,2555856300,2687314850,3003322426,3776532389,5205711125,7112347343,10508203374,14258318755,18392698396,21183084250,25439321248,30280317330,35982012080,37731194563,26179463280,28825065612,34062847462,32015871228,32354786131,38046430764,41076930744,48664009037,50690684869,65291414987,85221341933,109000000000,135000000000,168000000000,167000000000
Togo,TGO,35350000,40518487,36466500,37924738,54455531,41191532,66624424,47185453,72160020,71862007,84935483,156479133,173368194,177613623,207136581,300708522,346841921,368971230,237230389,290292677,358013291,369300540,276658654,161211782,99204582,130394605,88496836,118610740,117745070,122053051,140857367,126165789,172432007,204887479,357677093,191539035,374504892,438089068,581817735,703156274,714940238,774299059
Tonga,TON,,,,,,,,9001000,10116000,12560000,13753000,13981000,15561000,20953000,26017000,27509831,22481856,28880741,30509474,24851178,31338621,32282036,31769000,37060903,35538625,28709997,30615946,27493103,28656384,24490340,24642272,23759783,25120525,39771012,55262362,46864172,47972470,65238726,69753904,95702569,104527409,143294547
Tunisia,TUN,59897932,148480973,226181341,316200682,436959373,398032765,383275560,375924060,479213954,666557300,700155131,610305951,691731919,638499660,463854174,293749095,378244420,615850771,975873234,1036736124,866664132,866047296,923750971,937958414,1544397774,1605270631,1897641403,1978069024,1850076419,2261512479,1811048115,1989226504,2290303363,2945362884,3935738594,4436695951,6773162160,7850771202,8849300109,11057312544,9459270123,
Turkey,TUR,439755730,781035820,1493838187,2386717183,2227398008,1444445679,1471465322,1237511840,1630117685,2586031059,3298027746,2425976886,2802367064,2728450650,2442157941,2317544699,2912506886,3630665117,3912434534,6298197195,7626099904,6616201184,7507926703,7846358606,8633212584,12441845495,16435819647,18658335732,19488810167,23345860443,22488440547,18879205069,27068603160,33990986975,35669143202,50579001985,60891882508,73383889460,70428065069,70873658129,80712976523,78322384557
Turkmenistan,TKM,,,,,,,,,,,,,,,,,,,,,,,,799006868,929007299,1168007400,1169007160,1256006717,1376007009,1513006832,,,,,,,,,,,,
Uganda,UGA,56650000,26922816,35952513,29113344,16758480,31022699,44534029,47205460,52699976,22839225,3000000,30003017,78324358,106496111,67907173,27288407,29205629,54600000,49300000,14100000,43986088,58913400,94420000,146356316,321367630,458850280,528370209,633473682,725384336,763115696,808042395,983357419,934009569,1080256629,1308101597,1344201160,1810879485,2559789964,2300539405,2994459390,2706004330,2617417255
Ukraine,UKR,,,,,,,,,,,,,,,,,,,,,,,468913725,166106211,664538989,1050577419,1959987876,2341121559,761297262,1046391109,1352712231,2955344595,4205291293,6683209491,9490676098,18988037694,21844647312,31785993066,30800576739,25556937321,33327431404,30409319955
Uruguay,URY,186225180,204611270,298511510,497496326,740015366,554864632,653764389,912237647,1175048399,2017848445,2401057599,1778310192,1422106518,1199578045,941548075,1030643954,1499847211,1793011886,1602322591,1547554234,1445585561,1135960002,1185192250,1422523174,1621668177,1150073195,1250958549,1556379134,2073227420,2081196474,2478856153,3097080342,769146310,2083171269,2508468409,3074054444,3085255594,4114322853,6352808824,8028641761,7643648014,10288751702
Uzbekistan,UZB,,,,,,,,,,,,,,,,,,,,,,,,,,,,,,763388240,,,,,,,,,,,,
Vanuatu,VUT,,,,,,,,,,,,8462713,5668635,6594650,8086951,10610267,21419510,40174521,40670287,35081462,37691813,39836946,42458750,45586198,43576135,48289731,43923923,37303885,44669056,41353793,38922827,37658100,36521974,43816496,61813739,67197569,104661388,119623141,115230052,148612898,161382116,173789338
"Venezuela, RB",VEN,1046548900,1584137696,2031777732,3193882841,8119250193,9970589904,9630262190,9602433755,8608720393,13187811133,13359611730,12719729048,11814613127,12014830256,12434221296,13998196224,10917152941,11510454491,7793016077,8701843656,12732617595,14718563056,13381433125,13692655080,12459341731,6283088820,11788241044,14378090196,11919914214,12277309454,13088483921,9239490293,8487069758,16034702451,18375430960,23918831965,29417291515,24196106958,33098128229,21702955648,13136781757,9930102155
Vietnam,VNM,,,,,,,,,,,,,,,,,,,,,,,,,,1323681942,1735897815,1985854198,2002261895,3326147671,3416511106,3674565625,4121051660,6224181087,7041460610,9050561634,13384067980,23479392789,23890250553,16447103983,12466599340,13539120120
"Yemen, Rep.",YEM,,,,,,,,,,,,,,,,,,,,,441445684,696933248,337116250,164809061,273977741,619037147,1017233823,1203130694,995528952,1471453848,2900254042,3658100619,4410535040,4986948667,5664785149,6115398089,7511512610,7715432356,8111374049,6935554486,5868352911,4448939511
Zambia,ZMB,514838710,285817837,171375428,207974127,195695678,165564775,115298663,94022853,96515815,191063133,206121500,142426413,157342395,137306439,54826402,201091984,71497164,110764773,139360164,123043283,201213453,192407809,,192326098,268127772,222702306,222709092,239085489,69382433,45429576,244824169,183446883,535132681,247729407,337106269,559788556,719716895,1089952034,1095608612,1892077500,2093751340,2324019792
Zimbabwe,ZWE,59433760,41695710,97094800,208907500,164413000,129177750,112348750,97632400,184406000,432020000,419235500,354712767,320466131,300443273,259960294,345468112,316314873,370440171,340678143,274210788,295117985,295014165,404469000,628149931,585403254,595516732,598812416,160096552,130759649,267960300,193133709,64712329,83357907,,,,,,,,,
